,base_solution,heuristic,search,iterations,temp_coef,population_size,mutation_probability,tabu_queue_coef,swap_any_to_generate,TotalDistance,TotalTime,UnusedTrucksCount,OrphansCount,execution_time,TotalFuel,TrucksCount
0,SIMPLE_GREEDY,ANY_EXPORTATION_PROB1,TABU,500.0,,,,0.5,,1822.1129999999998,4.91022666890184,0,0,71.57251191139221,455.52824999999996,20
1,SIMPLE_GREEDY,MOVE_IN_EXPORTATION,ANNEALING,5000.0,1e-05,,,,,1741.2768999999998,12.861653337058621,0,0,338.5295379161835,435.31922499999996,10
2,SIMPLE_GREEDY,REMOVE_LOOPS_SWAP_ANY_EXPORTATION,GENETIC,200.0,,10.0,0.1,,,1805.0858999999998,4.795726668901839,0,0,128.32787203788757,451.27147499999995,20
3,SIMPLE_GREEDY,REMOVE_LOOPS_SWAP_ANY_EXPORTATION,GENETIC,400.0,,10.0,0.3,,,1777.5801000000001,6.6721466696468985,0,0,219.69807195663452,444.39502500000003,15
4,SIMPLE_GREEDY,REMOVE_LOOPS_MOVE_EXPORTATION,ANNEALING,3000.0,1e-05,,,,,1803.9391999999993,4.799982224457396,0,0,265.00731015205383,450.98479999999984,20
5,SIMPLE_GREEDY,REMOVE_LOOPS_SWAP_ANY_EXPORTATION,GENETIC,400.0,,20.0,0.3,,,1802.9065999999998,4.7606688911240616,0,0,441.86349391937256,450.72664999999995,20
6,SIMPLE_GREEDY,MOVE_IN_EXPORTATION,TABU,200.0,,,,0.5,,1743.8116,12.86179333705862,0,0,68.52327704429626,435.9529,10
7,SIMPLE_GREEDY,REMOVE_LOOPS_SWAP_ANY_EXPORTATION,TABU,500.0,,,,0.3,500.0,1744.0946999999999,12.837842225947512,0,0,210.06871676445007,436.02367499999997,10
8,SIMPLE_GREEDY,ANY_MOVE_EXPORTATION,ANNEALING,5000.0,0.0001,,,,,1741.7579999999998,12.731775559280846,0,0,439.5817000865936,435.43949999999995,10
9,SIMPLE_GREEDY,ANY_EXPORTATION_PROB1,TABU,500.0,,,,0.3,,1753.9200999999998,12.956815559280848,0,0,78.12647318840027,438.48002499999996,10
10,SIMPLE_GREEDY,ANY_MOVE_EXPORTATION,TABU,500.0,,,,0.5,,1798.4006000000004,4.738413335568507,0,0,107.70401620864868,449.6001500000001,20
11,SIMPLE_GREEDY,ANY_EXPORTATION_PROB1,GENETIC,200.0,,10.0,0.1,,,1783.6288000000002,6.753293336313565,0,0,134.4899661540985,445.90720000000005,15
12,SIMPLE_GREEDY,MOVE_IN_EXPORTATION,GENETIC,400.0,,20.0,0.1,,,1778.5928,6.645495558535787,0,0,829.3984558582306,444.6482,15
13,SIMPLE_GREEDY,ANY_EXPORTATION_TIME1,ANNEALING,3000.0,1e-05,,,,,1779.3272000000002,13.230853337058623,0,0,98.84254384040833,444.83180000000004,10
14,SIMPLE_GREEDY,ANY_EXPORTATION_TIME1,ANNEALING,5000.0,0.0001,,,,,1779.3272000000002,13.230853337058623,0,0,190.0880150794983,444.83180000000004,10
15,SIMPLE_GREEDY,ANY_EXPORTATION,TABU,200.0,,,,0.5,,1818.5063,4.95168666890184,0,0,68.6350929737091,454.626575,20
16,SIMPLE_GREEDY,ANY_EXPORTATION_TIME1,TABU,500.0,,,,0.3,,1755.3054999999997,12.89545333705863,0,0,73.25450682640076,438.8263749999999,10
17,SIMPLE_GREEDY,ANY_EXPORTATION,ANNEALING,5000.0,1e-05,,,,,1807.4812000000004,4.738213335568506,0,0,500.42772603034973,451.8703000000001,20
18,SIMPLE_GREEDY,ANY_MOVE_EXPORTATION,TABU,200.0,,,,0.3,,1737.0262,12.787686670391956,0,0,76.6792459487915,434.25655,10
19,SIMPLE_GREEDY,REMOVE_LOOPS_MOVE_EXPORTATION,GENETIC,400.0,,20.0,0.1,,,1734.3323,12.841971114836399,0,0,872.8776021003723,433.583075,10
20,SIMPLE_GREEDY,MOVE_IN_EXPORTATION,GENETIC,200.0,,10.0,0.1,,,1805.5352,4.799982224457396,0,0,200.43448305130005,451.3838,20
21,SIMPLE_GREEDY,REMOVE_LOOPS_SWAP_ANY_EXPORTATION,TABU,500.0,,,,0.5,,1795.4285000000002,6.894993336313567,0,0,68.53269791603088,448.85712500000005,15
22,SIMPLE_GREEDY,ANY_MOVE_EXPORTATION_FIXED2,ANNEALING,3000.0,1e-05,,,,,1779.3272000000002,13.230853337058623,0,0,120.56893014907837,444.83180000000004,10
23,SIMPLE_GREEDY,ANY_MOVE_SWAP,ANNEALING,3000.0,1e-05,,,,,1812.9713000000004,6.9261044474246765,0,0,133.76920318603516,453.2428250000001,15
24,SIMPLE_GREEDY,MOVE_IN_EXPORTATION,GENETIC,400.0,,20.0,0.3,,,1778.0917,6.647900002980231,0,0,614.7722630500793,444.522925,15
25,SIMPLE_GREEDY,ANY_EXPORTATION_PROB1,GENETIC,200.0,,20.0,0.1,,,1808.6633000000002,4.7936466689018395,0,0,206.0695447921753,452.16582500000004,20
26,SIMPLE_GREEDY,REMOVE_LOOPS_SWAP_ANY_EXPORTATION,GENETIC,400.0,,10.0,0.1,,,1741.0289999999998,12.823673337058622,0,0,244.23641204833984,435.25724999999994,10
27,SIMPLE_GREEDY,ANY_EXPORTATION_PROB1,TABU,200.0,,,,0.5,,1795.699,6.896622225202454,0,0,53.56089377403259,448.92475,15
28,SIMPLE_GREEDY,ANY_MOVE_EXPORTATION,ANNEALING,5000.0,1e-05,,,,,1791.5386999999998,4.750595557790729,0,0,453.0097110271454,447.88467499999996,20
29,SIMPLE_GREEDY,ANY_EXPORTATION_PROB1,ANNEALING,5000.0,1e-05,,,,,1842.0845999999997,4.953880002235173,0,0,95.10750222206116,460.5211499999999,20
30,SIMPLE_GREEDY,REMOVE_LOOPS_MOVE_EXPORTATION,TABU,200.0,,,,0.3,,1804.4212,4.799982224457396,0,0,67.98482275009155,451.1053,20
31,SIMPLE_GREEDY,ANY_EXPORTATION_TIME1,ANNEALING,5000.0,1e-05,,,,,1812.9713000000004,6.9261044474246765,0,0,90.64470601081848,453.2428250000001,15
32,SIMPLE_GREEDY,MOVE_IN_EXPORTATION,ANNEALING,3000.0,0.0001,,,,,1786.9424999999999,6.750873336313565,0,0,200.60965204238892,446.73562499999997,15
33,SIMPLE_GREEDY,ANY_MOVE_EXPORTATION_FIXED2,TABU,500.0,,,,0.5,,1803.1515,4.7568600022351735,0,0,79.96831798553467,450.787875,20
34,SIMPLE_GREEDY,ANY_EXPORTATION,ANNEALING,3000.0,1e-05,,,,,1788.3655999999999,6.664973336313564,0,0,241.77163910865784,447.09139999999996,15
35,SIMPLE_GREEDY,REMOVE_LOOPS_SWAP_ANY_EXPORTATION,ANNEALING,5000.0,0.0001,,,,,1842.0845999999997,4.953880002235173,0,0,159.95076394081116,460.5211499999999,20
36,SIMPLE_GREEDY,ANY_EXPORTATION_TIME1,TABU,200.0,,,,0.5,,1788.5487,6.6537422252024525,0,0,56.07158923149109,447.137175,15
37,SIMPLE_GREEDY,ANY_MOVE_EXPORTATION_FIXED2,TABU,500.0,,,,0.3,500.0,1770.9660999999999,6.668724447424674,0,0,331.9235589504242,442.74152499999997,15
38,SIMPLE_GREEDY,REMOVE_LOOPS_SWAP_ANY_EXPORTATION,TABU,200.0,,,,0.5,,1754.6193,12.919237781503071,0,0,61.292282819747925,438.654825,10
39,CLUSTER,,NO_SEARCH,,,,,,,1815.6716,6.530146669646898,0,0,84.87673807144165,453.9179,15
40,SIMPLE_GREEDY,MOVE_IN_EXPORTATION,GENETIC,400.0,,10.0,0.1,,,1740.0945999999997,12.861655559280843,0,0,461.71905612945557,435.0236499999999,10
41,CLUSTER,,NO_SEARCH,,,,,,,1795.6718999999996,12.334522225947516,0,0,84.4323661327362,448.9179749999999,10
42,SIMPLE_GREEDY,MOVE_IN_EXPORTATION,GENETIC,200.0,,20.0,0.1,,,1804.0639,4.799982224457396,0,0,364.3591728210449,451.015975,20
43,SIMPLE_GREEDY,ANY_MOVE_EXPORTATION_FIXED2,TABU,500.0,,,,0.3,500.0,1798.0362999999998,4.755762224457396,0,0,301.30102491378784,449.50907499999994,20
44,SIMPLE_GREEDY,REMOVE_LOOPS_SWAP_ANY_EXPORTATION,TABU,200.0,,,,0.5,,1796.1962000000003,6.889582225202455,0,0,61.44462585449219,449.0490500000001,15
45,SIMPLE_GREEDY,REMOVE_LOOPS_SWAP_ANY_EXPORTATION,ANNEALING,5000.0,0.0001,,,,,1812.9713000000004,6.9261044474246765,0,0,158.65849328041077,453.2428250000001,15
46,SIMPLE_GREEDY,ANY_EXPORTATION_TIME1,TABU,200.0,,,,0.5,,1756.7264999999998,12.95815333705863,0,0,62.21035075187683,439.18162499999994,10
47,SIMPLE_GREEDY,ANY_EXPORTATION,ANNEALING,3000.0,1e-05,,,,,1808.5802999999999,4.811422224457395,0,0,241.15891003608704,452.14507499999996,20
48,SIMPLE_GREEDY,MOVE_IN_EXPORTATION,ANNEALING,3000.0,0.0001,,,,,1744.1772,12.883580003725289,0,0,213.40531587600708,436.0443,10
49,SIMPLE_GREEDY,ANY_MOVE_EXPORTATION_FIXED2,TABU,500.0,,,,0.5,,1776.4660999999999,6.685735558535788,0,0,76.92307710647583,444.11652499999997,15
50,SIMPLE_GREEDY,ANY_EXPORTATION_PROB1,ANNEALING,3000.0,0.0001,,,,,1779.3272000000002,13.230853337058623,0,0,145.90932989120483,444.83180000000004,10
51,SIMPLE_GREEDY,REMOVE_LOOPS_MOVE_EXPORTATION,TABU,500.0,,,,0.3,,1742.7744999999998,12.863264448169732,0,0,95.24690890312195,435.69362499999994,10
52,SIMPLE_GREEDY,ANY_EXPORTATION_TIME1,ANNEALING,5000.0,1e-05,,,,,1779.3272000000002,13.230853337058623,0,0,95.03424882888794,444.83180000000004,10
53,SIMPLE_GREEDY,ANY_MOVE_EXPORTATION,ANNEALING,3000.0,0.0001,,,,,1758.9850999999996,12.763917781503066,0,0,292.1491479873657,439.7462749999999,10
54,SIMPLE_GREEDY,ANY_EXPORTATION_PROB1,TABU,200.0,,,,0.5,,1758.9783,12.977077781503068,0,0,61.26524114608765,439.744575,10
55,SIMPLE_GREEDY,REMOVE_LOOPS_SWAP_ANY_EXPORTATION,GENETIC,200.0,,20.0,0.1,,,1804.9395000000002,4.787642224457396,0,0,243.36103415489197,451.23487500000005,20
56,SIMPLE_GREEDY,MOVE_IN_EXPORTATION,GENETIC,400.0,,20.0,0.3,,,1739.4422999999997,12.863877781503065,0,0,661.4772260189056,434.8605749999999,10
57,SIMPLE_GREEDY,ANY_EXPORTATION_PROB1,GENETIC,400.0,,10.0,0.1,,,1739.5739999999998,12.808308892614178,0,0,269.8474488258362,434.89349999999996,10
58,SIMPLE_GREEDY,ANY_MOVE_SWAP,ANNEALING,3000.0,1e-05,,,,,1842.0845999999997,4.953880002235173,0,0,127.51802015304565,460.5211499999999,20
59,SIMPLE_GREEDY,REMOVE_LOOPS_SWAP_ANY_EXPORTATION,TABU,500.0,,,,0.5,,1820.4398,4.941002224457396,0,0,67.96925187110901,455.10995,20
60,SIMPLE_GREEDY,ANY_EXPORTATION_PROB1,ANNEALING,5000.0,0.0001,,,,,1842.0845999999997,4.953880002235173,0,0,176.28110694885254,460.5211499999999,20
61,SIMPLE_GREEDY,REMOVE_LOOPS_MOVE_EXPORTATION,GENETIC,400.0,,20.0,0.1,,,1772.3406,6.642184447424676,0,0,790.503445148468,443.08515,15
62,SIMPLE_GREEDY,MOVE_IN_EXPORTATION,GENETIC,200.0,,10.0,0.1,,,1781.1907000000003,6.64962889186912,0,0,233.56763911247253,445.2976750000001,15
63,SIMPLE_GREEDY,ANY_MOVE_EXPORTATION,TABU,200.0,,,,0.3,,1774.4000999999996,6.63284889186912,0,0,80.47911596298218,443.6000249999999,15
64,SIMPLE_GREEDY,ANY_EXPORTATION,ANNEALING,3000.0,0.0001,,,,,1769.1128999999996,13.04851555928085,0,0,214.86532378196716,442.2782249999999,10
65,SIMPLE_GREEDY,ANY_EXPORTATION,TABU,500.0,,,,0.5,,1753.4733,13.017373337058626,0,0,89.4442527294159,438.368325,10
66,SIMPLE_GREEDY,ANY_EXPORTATION_TIME1,TABU,200.0,,,,0.3,,1819.8347999999999,4.779553335568506,0,0,61.8410427570343,454.95869999999996,20
67,SIMPLE_GREEDY,ANY_EXPORTATION_TIME1,ANNEALING,5000.0,0.0001,,,,,1812.9713000000004,6.9261044474246765,0,0,190.1737699508667,453.2428250000001,15
68,SIMPLE_GREEDY,ANY_MOVE_EXPORTATION_FIXED2,ANNEALING,5000.0,0.0001,,,,,1842.0845999999997,4.953880002235173,0,0,210.95193791389465,460.5211499999999,20
69,SIMPLE_GREEDY,ANY_EXPORTATION_PROB1,GENETIC,200.0,,10.0,0.1,,,1807.8046000000002,4.749675557790728,0,0,130.4392750263214,451.95115000000004,20
70,SIMPLE_GREEDY,MOVE_IN_EXPORTATION,GENETIC,400.0,,20.0,0.1,,,1736.4877999999997,12.818557781503065,0,0,791.6449770927429,434.1219499999999,10
71,SIMPLE_GREEDY,ANY_EXPORTATION_PROB1,TABU,200.0,,,,0.3,,1819.1077000000005,4.923993335568506,0,0,65.08844709396362,454.7769250000001,20
72,SIMPLE_GREEDY,ANY_MOVE_EXPORTATION,TABU,500.0,,,,0.5,,1773.0181,6.627368891869121,0,0,109.48564124107361,443.254525,15
73,SIMPLE_GREEDY,ANY_MOVE_EXPORTATION,ANNEALING,5000.0,0.0001,,,,,1783.1207999999997,6.641582225202454,0,0,408.19268703460693,445.7801999999999,15
74,SIMPLE_GREEDY,MOVE_IN_EXPORTATION,TABU,200.0,,,,0.5,,1780.9602,6.672011114091343,0,0,68.95107507705688,445.24005,15
75,SIMPLE_GREEDY,REMOVE_LOOPS_SWAP_ANY_EXPORTATION,TABU,500.0,,,,0.3,500.0,1781.9258000000002,6.746500002980232,0,0,202.84582495689392,445.48145000000005,15
76,SIMPLE_GREEDY,REMOVE_LOOPS_MOVE_EXPORTATION,GENETIC,200.0,,10.0,0.1,,,1741.0201999999997,12.861802225947509,0,0,191.06209301948547,435.2550499999999,10
77,SIMPLE_GREEDY,REMOVE_LOOPS_MOVE_EXPORTATION,ANNEALING,5000.0,1e-05,,,,,1735.6429,12.84052000372529,0,0,362.4291558265686,433.910725,10
78,SIMPLE_GREEDY,REMOVE_LOOPS_SWAP_ANY_EXPORTATION,GENETIC,200.0,,10.0,0.1,,,1775.5938,6.606013336313566,0,0,135.47625088691711,443.89845,15
79,SIMPLE_GREEDY,REMOVE_LOOPS_SWAP_ANY_EXPORTATION,GENETIC,400.0,,10.0,0.3,,,1807.9852000000003,4.779713335568506,0,0,249.88602685928345,451.9963000000001,20
80,SIMPLE_GREEDY,ANY_EXPORTATION_PROB1,TABU,500.0,,,,0.5,,1796.1169,6.852202225202454,0,0,69.65738606452942,449.029225,15
81,SIMPLE_GREEDY,MOVE_IN_EXPORTATION,ANNEALING,3000.0,1e-05,,,,,1804.443,4.799982224457396,0,0,227.6028687953949,451.11075,20
82,SIMPLE_GREEDY,ANY_MOVE_EXPORTATION_FIXED2,TABU,500.0,,,,0.3,,1802.8046000000004,4.769964446679618,0,0,75.87494611740112,450.7011500000001,20
83,SIMPLE_GREEDY,ANY_MOVE_SWAP,ANNEALING,5000.0,1e-05,,,,,1779.3272000000002,13.230853337058623,0,0,135.37333297729492,444.83180000000004,10
84,SIMPLE_GREEDY,MOVE_IN_EXPORTATION,GENETIC,400.0,,10.0,0.3,,,1804.9563,4.799982224457396,0,0,359.6955780982971,451.239075,20
85,SIMPLE_GREEDY,ANY_EXPORTATION_PROB1,GENETIC,400.0,,20.0,0.1,,,1805.8689,4.787642224457396,0,0,496.50389766693115,451.467225,20
86,SIMPLE_GREEDY,REMOVE_LOOPS_SWAP_ANY_EXPORTATION,TABU,200.0,,,,0.3,,1759.6783,12.951637781503068,0,0,60.66549563407898,439.919575,10
87,SIMPLE_GREEDY,REMOVE_LOOPS_SWAP_ANY_EXPORTATION,GENETIC,400.0,,10.0,0.1,,,1801.2514,4.7050511133462845,0,0,248.003986120224,450.31285,20
88,SIMPLE_GREEDY,ANY_EXPORTATION_PROB1,GENETIC,200.0,,20.0,0.3,,,1748.8884,12.851557781503068,0,0,207.54669904708862,437.2221,10
89,SIMPLE_GREEDY,ANY_MOVE_EXPORTATION,ANNEALING,5000.0,1e-05,,,,,1723.3443,12.72168000372529,0,0,489.91157126426697,430.836075,10
90,SIMPLE_GREEDY,ANY_MOVE_EXPORTATION,TABU,500.0,,,,0.3,500.0,1795.2015000000001,4.6672311133462845,0,0,569.9683747291565,448.80037500000003,20
91,SIMPLE_GREEDY,REMOVE_LOOPS_MOVE_EXPORTATION,TABU,500.0,,,,0.3,,1779.3497999999995,6.687731114091342,0,0,78.1104748249054,444.8374499999999,15
92,SIMPLE_GREEDY,MOVE_IN_EXPORTATION,GENETIC,200.0,,20.0,0.3,,,1779.2331,6.6865533363135645,0,0,269.0614700317383,444.808275,15
93,SIMPLE_GREEDY,REMOVE_LOOPS_SWAP_ANY_EXPORTATION,ANNEALING,3000.0,1e-05,,,,,1812.9713000000004,6.9261044474246765,0,0,89.72965788841248,453.2428250000001,15
94,SIMPLE_GREEDY,ANY_MOVE_EXPORTATION_FIXED2,TABU,500.0,,,,0.5,,1740.2115,12.712355559280846,0,0,86.19828820228577,435.052875,10
95,SIMPLE_GREEDY,REMOVE_LOOPS_SWAP_ANY_EXPORTATION,ANNEALING,5000.0,1e-05,,,,,1842.0845999999997,4.953880002235173,0,0,89.01111125946045,460.5211499999999,20
96,SIMPLE_GREEDY,ANY_EXPORTATION_TIME1,TABU,500.0,,,,0.5,,1757.5252999999996,12.869033337058625,0,0,79.28720498085022,439.3813249999999,10
97,SIMPLE_GREEDY,ANY_EXPORTATION,ANNEALING,5000.0,0.0001,,,,,1822.1511999999998,4.898222224457395,0,0,298.7730338573456,455.53779999999995,20
98,SIMPLE_GREEDY,ANY_EXPORTATION,TABU,500.0,,,,0.3,500.0,1784.7225999999996,6.760544447424676,0,0,489.1808919906616,446.1806499999999,15
99,SIMPLE_GREEDY,REMOVE_LOOPS_SWAP_ANY_EXPORTATION,TABU,500.0,,,,0.3,,1795.7638000000002,6.886586669646898,0,0,73.44522500038147,448.94095000000004,15
100,SIMPLE_GREEDY,ANY_MOVE_EXPORTATION_FIXED2,ANNEALING,3000.0,0.0001,,,,,1779.3272000000002,13.230853337058623,0,0,165.10752487182617,444.83180000000004,10
101,SIMPLE_GREEDY,MOVE_IN_EXPORTATION,TABU,200.0,,,,0.3,,1780.9602,6.672011114091343,0,0,83.78155374526978,445.24005,15
102,SIMPLE_GREEDY,ANY_MOVE_SWAP,ANNEALING,3000.0,0.0001,,,,,1812.9713000000004,6.9261044474246765,0,0,150.87358713150024,453.2428250000001,15
103,SIMPLE_GREEDY,ANY_MOVE_EXPORTATION_FIXED2,TABU,200.0,,,,0.3,,1779.4528,6.663906669646899,0,0,68.33241987228394,444.8632,15
104,SIMPLE_GREEDY,ANY_MOVE_SWAP,TABU,500.0,,,,0.5,,1742.6953999999998,12.7520711148364,0,0,74.3992669582367,435.67384999999996,10
105,SIMPLE_GREEDY,REMOVE_LOOPS_SWAP_ANY_EXPORTATION,GENETIC,200.0,,10.0,0.3,,,1781.1404999999997,6.608046669646899,0,0,121.3008599281311,445.28512499999994,15
106,SIMPLE_GREEDY,REMOVE_LOOPS_MOVE_EXPORTATION,ANNEALING,3000.0,0.0001,,,,,1807.0543999999998,4.799664446679619,0,0,227.27821373939514,451.76359999999994,20
107,SIMPLE_GREEDY,REMOVE_LOOPS_SWAP_ANY_EXPORTATION,GENETIC,200.0,,10.0,0.3,,,1759.7171999999996,12.947160003725289,0,0,114.63012886047363,439.9292999999999,10
108,SIMPLE_GREEDY,REMOVE_LOOPS_MOVE_EXPORTATION,GENETIC,200.0,,20.0,0.1,,,1801.6712000000002,4.799982224457396,0,0,322.30875992774963,450.41780000000006,20
109,SIMPLE_GREEDY,MOVE_IN_EXPORTATION,TABU,200.0,,,,0.5,,1805.2049,4.799982224457396,0,0,69.21637773513794,451.301225,20
110,SIMPLE_GREEDY,ANY_MOVE_SWAP,TABU,500.0,,,,0.3,500.0,1732.5591999999997,12.598406670391956,0,0,348.73037219047546,433.1397999999999,10
111,SIMPLE_GREEDY,ANY_EXPORTATION_PROB1,TABU,200.0,,,,0.3,,1795.0759,6.9500022252024545,0,0,61.847630977630615,448.768975,15
112,SIMPLE_GREEDY,ANY_MOVE_SWAP,TABU,500.0,,,,0.3,,1806.2731999999996,4.78020666890184,0,0,75.16639518737793,451.5682999999999,20
113,SIMPLE_GREEDY,REMOVE_LOOPS_MOVE_EXPORTATION,GENETIC,400.0,,10.0,0.3,,,1777.1451000000004,6.670048891869119,0,0,371.5673508644104,444.2862750000001,15
114,SIMPLE_GREEDY,MOVE_IN_EXPORTATION,GENETIC,200.0,,10.0,0.3,,,1742.0458999999998,12.861811114836398,0,0,152.52801394462585,435.51147499999996,10
115,SIMPLE_GREEDY,REMOVE_LOOPS_MOVE_EXPORTATION,TABU,200.0,,,,0.5,,1804.4212,4.799982224457396,0,0,68.7134141921997,451.1053,20
116,SIMPLE_GREEDY,ANY_MOVE_EXPORTATION_FIXED2,ANNEALING,5000.0,0.0001,,,,,1812.9713000000004,6.9261044474246765,0,0,220.18790078163147,453.2428250000001,15
117,SIMPLE_GREEDY,ANY_EXPORTATION_TIME1,ANNEALING,3000.0,0.0001,,,,,1812.9713000000004,6.9261044474246765,0,0,134.1618640422821,453.2428250000001,15
118,SIMPLE_GREEDY,ANY_EXPORTATION,TABU,200.0,,,,0.3,,1815.2089999999998,4.915193335568507,0,0,68.57152009010315,453.80224999999996,20
119,SIMPLE_GREEDY,ANY_EXPORTATION,ANNEALING,3000.0,0.0001,,,,,1792.8507,6.620966669646898,0,0,201.99495720863342,448.212675,15
120,SIMPLE_GREEDY,ANY_MOVE_EXPORTATION,TABU,200.0,,,,0.5,,1736.4690999999996,12.690264448169735,0,0,82.12665486335754,434.1172749999999,10
121,SIMPLE_GREEDY,ANY_EXPORTATION,TABU,200.0,,,,0.3,,1794.2864,6.820777780758011,0,0,69.89508509635925,448.5716,15
122,SIMPLE_GREEDY,REMOVE_LOOPS_MOVE_EXPORTATION,GENETIC,200.0,,20.0,0.3,,,1739.2022999999997,12.842108892614176,0,0,272.13514709472656,434.8005749999999,10
123,SIMPLE_GREEDY,MOVE_IN_EXPORTATION,GENETIC,200.0,,10.0,0.1,,,1741.2984999999999,12.861802225947509,0,0,202.18848991394043,435.32462499999997,10
124,SIMPLE_GREEDY,ANY_MOVE_EXPORTATION_FIXED2,ANNEALING,3000.0,1e-05,,,,,1842.0845999999997,4.953880002235173,0,0,112.0192039012909,460.5211499999999,20
125,SIMPLE_GREEDY,ANY_MOVE_EXPORTATION_FIXED2,ANNEALING,3000.0,1e-05,,,,,1812.9713000000004,6.9261044474246765,0,0,125.75049805641174,453.2428250000001,15
126,SIMPLE_GREEDY,REMOVE_LOOPS_MOVE_EXPORTATION,GENETIC,200.0,,20.0,0.3,,,1775.7367000000002,6.646180002980231,0,0,249.3750479221344,443.93417500000004,15
127,SIMPLE_GREEDY,ANY_MOVE_SWAP,ANNEALING,5000.0,0.0001,,,,,1842.0845999999997,4.953880002235173,0,0,191.39625215530396,460.5211499999999,20
128,SIMPLE_GREEDY,ANY_MOVE_EXPORTATION,TABU,200.0,,,,0.5,,1775.4712000000004,6.632040002980233,0,0,79.46629619598389,443.8678000000001,15
129,SIMPLE_GREEDY,ANY_EXPORTATION,TABU,200.0,,,,0.3,,1753.6761999999999,12.959428892614179,0,0,69.77728271484375,438.41904999999997,10
130,SIMPLE_GREEDY,ANY_EXPORTATION,ANNEALING,3000.0,0.0001,,,,,1829.0166,4.816875557790729,0,0,208.6775209903717,457.25415,20
131,SIMPLE_GREEDY,ANY_EXPORTATION,TABU,500.0,,,,0.3,,1753.6399000000001,12.898393337058625,0,0,79.89243698120117,438.40997500000003,10
132,SIMPLE_GREEDY,ANY_EXPORTATION_TIME1,ANNEALING,3000.0,0.0001,,,,,1842.0845999999997,4.953880002235173,0,0,132.9681589603424,460.5211499999999,20
133,SIMPLE_GREEDY,REMOVE_LOOPS_MOVE_EXPORTATION,TABU,500.0,,,,0.5,,1742.7744999999998,12.863264448169732,0,0,88.51248407363892,435.69362499999994,10
134,SIMPLE_GREEDY,ANY_MOVE_EXPORTATION_FIXED2,ANNEALING,5000.0,0.0001,,,,,1779.3272000000002,13.230853337058623,0,0,228.10151505470276,444.83180000000004,10
135,SIMPLE_GREEDY,REMOVE_LOOPS_MOVE_EXPORTATION,GENETIC,400.0,,10.0,0.3,,,1801.9417,4.798902224457396,0,0,362.6199038028717,450.485425,20
136,SIMPLE_GREEDY,MOVE_IN_EXPORTATION,GENETIC,400.0,,20.0,0.1,,,1803.5256,4.777040002235173,0,0,767.4461381435394,450.8814,20
137,SIMPLE_GREEDY,ANY_EXPORTATION_PROB1,TABU,200.0,,,,0.3,,1758.8089000000002,12.98096889261418,0,0,61.608518838882446,439.70222500000006,10
138,SIMPLE_GREEDY,ANY_MOVE_SWAP,TABU,500.0,,,,0.3,,1779.7081,6.650311114091342,0,0,74.83287811279297,444.927025,15
139,SIMPLE_GREEDY,MOVE_IN_EXPORTATION,TABU,500.0,,,,0.5,,1743.8116,12.86179333705862,0,0,95.43334102630615,435.9529,10
140,SIMPLE_GREEDY,ANY_MOVE_SWAP,TABU,500.0,,,,0.3,500.0,1771.9325000000001,6.663531114091343,0,0,359.0350971221924,442.98312500000003,15
141,SIMPLE_GREEDY,REMOVE_LOOPS_SWAP_ANY_EXPORTATION,GENETIC,400.0,,20.0,0.1,,,1802.6932,4.725464446679617,0,0,412.15116715431213,450.6733,20
142,SIMPLE_GREEDY,REMOVE_LOOPS_MOVE_EXPORTATION,GENETIC,400.0,,10.0,0.1,,,1737.7758999999999,12.86166222594751,0,0,436.18774819374084,434.44397499999997,10
143,SIMPLE_GREEDY,REMOVE_LOOPS_MOVE_EXPORTATION,ANNEALING,5000.0,0.0001,,,,,1738.4344999999996,12.857973337058622,0,0,325.9211621284485,434.6086249999999,10
144,SIMPLE_GREEDY,REMOVE_LOOPS_SWAP_ANY_EXPORTATION,GENETIC,200.0,,10.0,0.3,,,1813.9539,4.930257780012951,0,0,118.30801701545715,453.488475,20
145,SIMPLE_GREEDY,ANY_MOVE_EXPORTATION_FIXED2,TABU,200.0,,,,0.3,,1739.2564,12.733984448169736,0,0,70.78997611999512,434.8141,10
146,SIMPLE_GREEDY,ANY_MOVE_SWAP,TABU,200.0,,,,0.5,,1810.7282000000002,4.794886668901841,0,0,59.55750298500061,452.68205000000006,20
147,SIMPLE_GREEDY,ANY_MOVE_SWAP,ANNEALING,3000.0,0.0001,,,,,1842.0845999999997,4.953880002235173,0,0,147.85369396209717,460.5211499999999,20
148,SIMPLE_GREEDY,MOVE_IN_EXPORTATION,TABU,200.0,,,,0.3,,1743.8116,12.86179333705862,0,0,91.57657289505005,435.9529,10
149,SIMPLE_GREEDY,ANY_EXPORTATION,TABU,500.0,,,,0.3,500.0,1809.8047000000001,4.761417780012951,0,0,581.9627120494843,452.45117500000003,20
150,SIMPLE_GREEDY,REMOVE_LOOPS_SWAP_ANY_EXPORTATION,TABU,500.0,,,,0.3,,1822.2404,4.933664446679618,0,0,69.2116379737854,455.5601,20
151,SIMPLE_GREEDY,ANY_MOVE_EXPORTATION_FIXED2,ANNEALING,5000.0,1e-05,,,,,1842.0845999999997,4.953880002235173,0,0,111.43372583389282,460.5211499999999,20
152,SIMPLE_GREEDY,ANY_MOVE_EXPORTATION,ANNEALING,3000.0,1e-05,,,,,1728.7223999999999,12.749340003725287,0,0,317.0463559627533,432.18059999999997,10
153,SIMPLE_GREEDY,REMOVE_LOOPS_SWAP_ANY_EXPORTATION,ANNEALING,5000.0,1e-05,,,,,1812.4438,6.98898000298023,0,0,88.31467008590698,453.11095,15
154,SIMPLE_GREEDY,ANY_EXPORTATION_TIME1,TABU,200.0,,,,0.5,,1819.3294999999998,4.872964446679617,0,0,60.89801502227783,454.83237499999996,20
155,SIMPLE_GREEDY,REMOVE_LOOPS_SWAP_ANY_EXPORTATION,ANNEALING,3000.0,1e-05,,,,,1779.3272000000002,13.230853337058623,0,0,92.4313690662384,444.83180000000004,10
156,SIMPLE_GREEDY,ANY_MOVE_EXPORTATION_FIXED2,TABU,200.0,,,,0.5,,1805.5821999999998,4.751171113346284,0,0,66.5090742111206,451.39554999999996,20
157,SIMPLE_GREEDY,MOVE_IN_EXPORTATION,GENETIC,200.0,,20.0,0.3,,,1742.8283999999999,12.861806670391955,0,0,252.43378019332886,435.70709999999997,10
158,SIMPLE_GREEDY,ANY_EXPORTATION_PROB1,ANNEALING,3000.0,1e-05,,,,,1779.3272000000002,13.230853337058623,0,0,109.48070287704468,444.83180000000004,10
159,SIMPLE_GREEDY,REMOVE_LOOPS_MOVE_EXPORTATION,TABU,500.0,,,,0.3,,1804.4031,4.799982224457396,0,0,75.98177790641785,451.100775,20
160,SIMPLE_GREEDY,ANY_MOVE_EXPORTATION,ANNEALING,5000.0,1e-05,,,,,1766.2468000000003,6.5429555585357875,0,0,480.8856120109558,441.5617000000001,15
161,SIMPLE_GREEDY,REMOVE_LOOPS_SWAP_ANY_EXPORTATION,GENETIC,400.0,,10.0,0.1,,,1775.8192000000001,6.651093336313566,0,0,263.2060968875885,443.95480000000003,15
162,SIMPLE_GREEDY,ANY_EXPORTATION_PROB1,GENETIC,200.0,,20.0,0.3,,,1781.6369000000004,6.653146669646899,0,0,277.9363968372345,445.4092250000001,15
163,SIMPLE_GREEDY,REMOVE_LOOPS_SWAP_ANY_EXPORTATION,TABU,200.0,,,,0.3,,1792.6726999999998,6.768777780758009,0,0,60.71817708015442,448.16817499999996,15
164,SIMPLE_GREEDY,MOVE_IN_EXPORTATION,GENETIC,400.0,,10.0,0.3,,,1780.6949,6.671993336313565,0,0,374.3185350894928,445.173725,15
165,SIMPLE_GREEDY,ANY_EXPORTATION_PROB1,GENETIC,200.0,,10.0,0.3,,,1749.0910999999999,12.897624448169733,0,0,149.56239914894104,437.27277499999997,10
166,SIMPLE_GREEDY,ANY_MOVE_SWAP,ANNEALING,5000.0,1e-05,,,,,1812.9713000000004,6.9261044474246765,0,0,124.84665322303772,453.2428250000001,15
167,SIMPLE_GREEDY,ANY_MOVE_EXPORTATION_FIXED2,TABU,500.0,,,,0.3,,1777.6039999999998,6.5895955585357875,0,0,74.98632526397705,444.40099999999995,15
168,SIMPLE_GREEDY,REMOVE_LOOPS_MOVE_EXPORTATION,GENETIC,200.0,,20.0,0.3,,,1803.4130999999998,4.799982224457396,0,0,264.980272769928,450.85327499999994,20
169,SIMPLE_GREEDY,,NO_SEARCH,,,,,,,1842.0845999999997,4.953880002235173,0,0,92.21016883850098,460.5211499999999,20
170,SIMPLE_GREEDY,REMOVE_LOOPS_SWAP_ANY_EXPORTATION,TABU,200.0,,,,0.3,,1820.8484999999996,4.924284446679618,0,0,61.14110207557678,455.2121249999999,20
171,SIMPLE_GREEDY,ANY_EXPORTATION_TIME1,TABU,500.0,,,,0.3,500.0,1812.7885,4.830124446679617,0,0,265.6291251182556,453.197125,20
172,SIMPLE_GREEDY,ANY_EXPORTATION_TIME1,TABU,500.0,,,,0.5,,1822.7755,4.885153335568507,0,0,68.74074602127075,455.693875,20
173,SIMPLE_GREEDY,REMOVE_LOOPS_SWAP_ANY_EXPORTATION,ANNEALING,3000.0,0.0001,,,,,1812.9713000000004,6.9261044474246765,0,0,124.03066921234131,453.2428250000001,15
174,SIMPLE_GREEDY,ANY_MOVE_EXPORTATION,TABU,200.0,,,,0.5,,1797.9323,4.724802224457395,0,0,83.05997014045715,449.483075,20
175,SIMPLE_GREEDY,ANY_MOVE_EXPORTATION_FIXED2,TABU,200.0,,,,0.5,,1778.8725000000002,6.711013336313565,0,0,65.97284293174744,444.71812500000004,15
176,SIMPLE_GREEDY,MOVE_IN_EXPORTATION,ANNEALING,5000.0,0.0001,,,,,1811.3179,4.81822666890184,0,0,322.02784991264343,452.829475,20
177,SIMPLE_GREEDY,REMOVE_LOOPS_MOVE_EXPORTATION,TABU,200.0,,,,0.5,,1742.7744999999998,12.863264448169732,0,0,70.59343218803406,435.69362499999994,10
178,SIMPLE_GREEDY,ANY_EXPORTATION_PROB1,ANNEALING,3000.0,1e-05,,,,,1812.9713000000004,6.9261044474246765,0,0,89.76367115974426,453.2428250000001,15
179,SIMPLE_GREEDY,ANY_MOVE_EXPORTATION,ANNEALING,3000.0,1e-05,,,,,1773.9323,6.573071114091343,0,0,302.66387486457825,443.483075,15
180,SIMPLE_GREEDY,ANY_MOVE_SWAP,TABU,200.0,,,,0.5,,1785.6091000000001,6.720642225202454,0,0,62.94622206687927,446.40227500000003,15
181,SIMPLE_GREEDY,ANY_EXPORTATION_PROB1,GENETIC,200.0,,20.0,0.3,,,1813.2858,4.906540002235173,0,0,225.11814498901367,453.32145,20
182,SIMPLE_GREEDY,REMOVE_LOOPS_MOVE_EXPORTATION,GENETIC,400.0,,10.0,0.1,,,1775.8541,6.644851114091343,0,0,474.5372591018677,443.963525,15
183,SIMPLE_GREEDY,REMOVE_LOOPS_SWAP_ANY_EXPORTATION,GENETIC,400.0,,20.0,0.1,,,1770.9532000000004,6.581324447424676,0,0,438.42185401916504,442.7383000000001,15
184,SIMPLE_GREEDY,ANY_EXPORTATION_PROB1,GENETIC,400.0,,20.0,0.1,,,1740.9518999999998,12.85176222594751,0,0,446.0491530895233,435.23797499999995,10
185,SIMPLE_GREEDY,MOVE_IN_EXPORTATION,GENETIC,400.0,,10.0,0.3,,,1740.5819999999997,12.86180222594751,0,0,344.0075557231903,435.1454999999999,10
186,SIMPLE_GREEDY,REMOVE_LOOPS_MOVE_EXPORTATION,ANNEALING,5000.0,0.0001,,,,,1774.7564000000002,6.623657780758009,0,0,334.03749680519104,443.68910000000005,15
187,SIMPLE_GREEDY,ANY_MOVE_SWAP,ANNEALING,5000.0,1e-05,,,,,1842.0845999999997,4.953880002235173,0,0,109.66950392723083,460.5211499999999,20
188,SIMPLE_GREEDY,ANY_MOVE_EXPORTATION_FIXED2,ANNEALING,5000.0,1e-05,,,,,1812.9713000000004,6.9261044474246765,0,0,121.32956433296204,453.2428250000001,15
189,SIMPLE_GREEDY,ANY_MOVE_EXPORTATION,TABU,500.0,,,,0.3,500.0,1730.3084,12.631315559280846,0,0,540.0782477855682,432.5771,10
190,SIMPLE_GREEDY,ANY_MOVE_SWAP,ANNEALING,5000.0,0.0001,,,,,1812.9713000000004,6.9261044474246765,0,0,198.2664933204651,453.2428250000001,15
191,SIMPLE_GREEDY,MOVE_IN_EXPORTATION,TABU,500.0,,,,0.3,,1743.8116,12.86179333705862,0,0,95.08337092399597,435.9529,10
192,SIMPLE_GREEDY,REMOVE_LOOPS_MOVE_EXPORTATION,GENETIC,200.0,,10.0,0.3,,,1775.4707000000003,6.646180002980231,0,0,155.3056981563568,443.8676750000001,15
193,SIMPLE_GREEDY,ANY_MOVE_EXPORTATION,TABU,500.0,,,,0.3,,1772.6798000000001,6.630251114091343,0,0,111.04131579399109,443.16995000000003,15
194,SIMPLE_GREEDY,ANY_EXPORTATION,ANNEALING,5000.0,0.0001,,,,,1757.8928999999998,12.8992711148364,0,0,320.8806619644165,439.47322499999996,10
195,SIMPLE_GREEDY,REMOVE_LOOPS_SWAP_ANY_EXPORTATION,ANNEALING,5000.0,1e-05,,,,,1755.7638999999997,13.008180003725293,0,0,138.34706497192383,438.9409749999999,10
196,SIMPLE_GREEDY,ANY_EXPORTATION,TABU,500.0,,,,0.3,,1789.2218000000003,6.769017780758011,0,0,89.08109903335571,447.30545000000006,15
197,SIMPLE_GREEDY,ANY_EXPORTATION_TIME1,ANNEALING,5000.0,1e-05,,,,,1842.0845999999997,4.953880002235173,0,0,73.82319593429565,460.5211499999999,20
198,SIMPLE_GREEDY,ANY_MOVE_EXPORTATION_FIXED2,ANNEALING,3000.0,0.0001,,,,,1842.0845999999997,4.953880002235173,0,0,151.91499590873718,460.5211499999999,20
199,SIMPLE_GREEDY,MOVE_IN_EXPORTATION,GENETIC,200.0,,10.0,0.3,,,1805.0431,4.799982224457396,0,0,141.23610401153564,451.260775,20
200,SIMPLE_GREEDY,REMOVE_LOOPS_MOVE_EXPORTATION,GENETIC,400.0,,20.0,0.3,,,1737.59,12.854542225947508,0,0,728.9069120883942,434.3975,10
201,SIMPLE_GREEDY,ANY_MOVE_SWAP,TABU,500.0,,,,0.3,,1739.0189999999998,12.697528892614176,0,0,75.83987092971802,434.75474999999994,10
202,SIMPLE_GREEDY,REMOVE_LOOPS_MOVE_EXPORTATION,TABU,500.0,,,,0.5,,1804.4015,4.80098666890184,0,0,95.80401802062988,451.100375,20
203,SIMPLE_GREEDY,ANY_MOVE_SWAP,TABU,500.0,,,,0.3,500.0,1799.0426999999997,4.71258666890184,0,0,359.0822157859802,449.76067499999994,20
204,SIMPLE_GREEDY,MOVE_IN_EXPORTATION,TABU,500.0,,,,0.5,,1780.9603,6.672011114091343,0,0,93.66738200187683,445.240075,15
205,SIMPLE_GREEDY,REMOVE_LOOPS_MOVE_EXPORTATION,GENETIC,200.0,,20.0,0.1,,,1741.1738999999998,12.818566670391954,0,0,342.22197818756104,435.29347499999994,10
206,SIMPLE_GREEDY,REMOVE_LOOPS_MOVE_EXPORTATION,ANNEALING,3000.0,0.0001,,,,,1740.2785999999996,12.910128892614178,0,0,233.32149505615234,435.0696499999999,10
207,SIMPLE_GREEDY,ANY_EXPORTATION_PROB1,GENETIC,200.0,,10.0,0.3,,,1785.8651,6.715700002980232,0,0,127.24791598320007,446.466275,15
208,SIMPLE_GREEDY,REMOVE_LOOPS_SWAP_ANY_EXPORTATION,GENETIC,200.0,,20.0,0.3,,,1750.8083,12.75401778150307,0,0,175.08514595031738,437.702075,10
209,SIMPLE_GREEDY,ANY_MOVE_SWAP,TABU,500.0,,,,0.5,,1809.7898999999998,4.7798533355685064,0,0,72.5599160194397,452.44747499999994,20
210,SIMPLE_GREEDY,ANY_MOVE_EXPORTATION_FIXED2,TABU,500.0,,,,0.3,,1736.4989999999998,12.606173337058621,0,0,74.89142680168152,434.12474999999995,10
211,SIMPLE_GREEDY,ANY_MOVE_SWAP,TABU,500.0,,,,0.5,,1779.4491999999998,6.673920002980232,0,0,72.27033972740173,444.86229999999995,15
212,SIMPLE_GREEDY,ANY_MOVE_EXPORTATION_FIXED2,TABU,200.0,,,,0.3,,1806.6808,4.735482224457395,0,0,63.95892882347107,451.6702,20
213,SIMPLE_GREEDY,ANY_EXPORTATION_PROB1,GENETIC,200.0,,10.0,0.3,,,1824.9849,4.873653335568506,0,0,116.38150095939636,456.246225,20
214,SIMPLE_GREEDY,REMOVE_LOOPS_SWAP_ANY_EXPORTATION,GENETIC,200.0,,20.0,0.3,,,1778.9255,6.739008891869122,0,0,215.83366298675537,444.731375,15
215,SIMPLE_GREEDY,REMOVE_LOOPS_MOVE_EXPORTATION,ANNEALING,3000.0,0.0001,,,,,1778.0624000000003,6.647866669646899,0,0,214.18972873687744,444.51560000000006,15
216,SIMPLE_GREEDY,REMOVE_LOOPS_MOVE_EXPORTATION,GENETIC,200.0,,20.0,0.1,,,1776.1602999999998,6.646180002980231,0,0,366.34394335746765,444.04007499999994,15
217,SIMPLE_GREEDY,ANY_EXPORTATION_PROB1,TABU,500.0,,,,0.3,500.0,1747.6651,12.831513337058624,0,0,290.81999611854553,436.916275,10
218,SIMPLE_GREEDY,MOVE_IN_EXPORTATION,TABU,500.0,,,,0.5,,1805.1404999999997,4.799982224457396,0,0,91.87125873565674,451.28512499999994,20
219,SIMPLE_GREEDY,ANY_MOVE_SWAP,TABU,200.0,,,,0.3,,1809.7577999999999,4.82198666890184,0,0,61.83626103401184,452.43944999999997,20
220,SIMPLE_GREEDY,REMOVE_LOOPS_MOVE_EXPORTATION,TABU,500.0,,,,0.5,,1780.4881999999998,6.672011114091343,0,0,97.021892786026,445.12204999999994,15
221,SIMPLE_GREEDY,MOVE_IN_EXPORTATION,GENETIC,200.0,,10.0,0.3,,,1781.3912,6.675246669646898,0,0,159.03308200836182,445.3478,15
222,SIMPLE_GREEDY,REMOVE_LOOPS_MOVE_EXPORTATION,GENETIC,400.0,,20.0,0.3,,,1773.8847,6.608131114091342,0,0,685.8797047138214,443.471175,15
223,SIMPLE_GREEDY,ANY_MOVE_EXPORTATION_FIXED2,ANNEALING,3000.0,0.0001,,,,,1812.9713000000004,6.9261044474246765,0,0,162.7343921661377,453.2428250000001,15
224,SIMPLE_GREEDY,ANY_EXPORTATION_TIME1,ANNEALING,3000.0,0.0001,,,,,1779.3272000000002,13.230853337058623,0,0,142.07838106155396,444.83180000000004,10
225,SIMPLE_GREEDY,REMOVE_LOOPS_SWAP_ANY_EXPORTATION,ANNEALING,3000.0,1e-05,,,,,1833.2216000000005,4.794733335568507,0,0,81.39381885528564,458.30540000000013,20
226,SIMPLE_GREEDY,ANY_EXPORTATION,TABU,500.0,,,,0.3,,1814.6519,4.8643333355685066,0,0,92.69225597381592,453.662975,20
227,SIMPLE_GREEDY,ANY_EXPORTATION,ANNEALING,5000.0,0.0001,,,,,1794.3773999999999,6.667800002980232,0,0,304.59709095954895,448.59434999999996,15
228,SIMPLE_GREEDY,ANY_MOVE_EXPORTATION,TABU,500.0,,,,0.3,,1798.0243999999996,4.741168891124062,0,0,109.65926790237427,449.5060999999999,20
229,SIMPLE_GREEDY,ANY_MOVE_SWAP,ANNEALING,5000.0,0.0001,,,,,1779.3272000000002,13.230853337058623,0,0,217.85526394844055,444.83180000000004,10
230,SIMPLE_GREEDY,MOVE_IN_EXPORTATION,TABU,200.0,,,,0.3,,1805.2172,4.799982224457396,0,0,69.64545488357544,451.3043,20
231,SIMPLE_GREEDY,REMOVE_LOOPS_MOVE_EXPORTATION,GENETIC,200.0,,10.0,0.3,,,1804.8861000000002,4.799982224457396,0,0,175.56886291503906,451.22152500000004,20
232,SIMPLE_GREEDY,ANY_MOVE_EXPORTATION_FIXED2,ANNEALING,5000.0,1e-05,,,,,1784.6411999999998,12.856746670391953,0,0,132.9584698677063,446.16029999999995,10
233,SIMPLE_GREEDY,ANY_MOVE_EXPORTATION,TABU,500.0,,,,0.3,500.0,1771.8407000000004,6.542464447424676,0,0,577.1829371452332,442.9601750000001,15
234,SIMPLE_GREEDY,ANY_MOVE_SWAP,ANNEALING,3000.0,0.0001,,,,,1779.3272000000002,13.230853337058623,0,0,150.25010895729065,444.83180000000004,10
235,SIMPLE_GREEDY,REMOVE_LOOPS_MOVE_EXPORTATION,ANNEALING,5000.0,0.0001,,,,,1805.0481,4.800986668901841,0,0,319.9296419620514,451.262025,20
236,SIMPLE_GREEDY,ANY_EXPORTATION_PROB1,GENETIC,400.0,,20.0,0.1,,,1779.6031,6.7003555585357875,0,0,477.1204311847687,444.900775,15
237,SIMPLE_GREEDY,MOVE_IN_EXPORTATION,GENETIC,200.0,,20.0,0.3,,,1804.8981,4.799982224457396,0,0,248.1870539188385,451.224525,20
238,SIMPLE_GREEDY,ANY_EXPORTATION_PROB1,GENETIC,400.0,,10.0,0.3,,,1741.1022999999996,12.807711114836401,0,0,267.30071687698364,435.2755749999999,10
239,SIMPLE_GREEDY,REMOVE_LOOPS_MOVE_EXPORTATION,GENETIC,400.0,,10.0,0.1,,,1801.1227999999996,4.799982224457396,0,0,425.2722499370575,450.2806999999999,20
240,SIMPLE_GREEDY,REMOVE_LOOPS_SWAP_ANY_EXPORTATION,GENETIC,400.0,,20.0,0.1,,,1737.8274999999996,12.798740003725289,0,0,460.4628257751465,434.4568749999999,10
241,SIMPLE_GREEDY,ANY_MOVE_SWAP,TABU,200.0,,,,0.5,,1743.9781999999998,12.880893337058625,0,0,62.98446297645569,435.99454999999995,10
242,SIMPLE_GREEDY,ANY_MOVE_EXPORTATION,ANNEALING,3000.0,1e-05,,,,,1792.1471,4.742800002235173,0,0,324.8714048862457,448.036775,20
243,SIMPLE_GREEDY,REMOVE_LOOPS_MOVE_EXPORTATION,TABU,200.0,,,,0.5,,1780.4882999999998,6.672011114091343,0,0,63.97955513000488,445.12207499999994,15
244,SIMPLE_GREEDY,ANY_EXPORTATION_PROB1,ANNEALING,3000.0,1e-05,,,,,1836.0331000000003,4.914980002235174,0,0,91.38893914222717,459.0082750000001,20
245,SIMPLE_GREEDY,ANY_MOVE_EXPORTATION_FIXED2,TABU,200.0,,,,0.5,,1740.9296999999995,12.575477781503068,0,0,64.33836007118225,435.23242499999986,10
246,SIMPLE_GREEDY,MOVE_IN_EXPORTATION,ANNEALING,5000.0,0.0001,,,,,1782.4073000000003,6.674691114091342,0,0,337.18868374824524,445.6018250000001,15
247,SIMPLE_GREEDY,ANY_EXPORTATION_TIME1,TABU,500.0,,,,0.5,,1790.5222,6.6943022252024535,0,0,69.37414503097534,447.63055,15
248,SIMPLE_GREEDY,REMOVE_LOOPS_SWAP_ANY_EXPORTATION,ANNEALING,3000.0,0.0001,,,,,1792.8726,12.888613337058622,0,0,138.54085302352905,448.21815,10
249,SIMPLE_GREEDY,ANY_MOVE_EXPORTATION,TABU,500.0,,,,0.5,,1735.0102,12.707046670391957,0,0,108.95243072509766,433.75255,10
250,SIMPLE_GREEDY,REMOVE_LOOPS_SWAP_ANY_EXPORTATION,TABU,500.0,,,,0.3,,1757.2107999999998,12.935966670391958,0,0,76.65162205696106,439.30269999999996,10
251,SIMPLE_GREEDY,ANY_EXPORTATION,TABU,500.0,,,,0.3,500.0,1746.2167999999997,12.842895559280844,0,0,474.21429800987244,436.5541999999999,10
252,SIMPLE_GREEDY,REMOVE_LOOPS_MOVE_EXPORTATION,GENETIC,400.0,,10.0,0.3,,,1736.8158999999998,12.861791114836398,0,0,383.6817362308502,434.20397499999996,10
253,SIMPLE_GREEDY,,NO_SEARCH,,,,,,,1812.9713000000004,6.9261044474246765,0,0,54.08551001548767,453.2428250000001,15
254,SIMPLE_GREEDY,ANY_EXPORTATION_PROB1,ANNEALING,5000.0,0.0001,,,,,1812.9713000000004,6.9261044474246765,0,0,182.3381519317627,453.2428250000001,15
255,SIMPLE_GREEDY,MOVE_IN_EXPORTATION,GENETIC,200.0,,20.0,0.1,,,1777.7474999999997,6.660348891869121,0,0,401.6165781021118,444.43687499999993,15
256,SIMPLE_GREEDY,REMOVE_LOOPS_MOVE_EXPORTATION,GENETIC,400.0,,20.0,0.1,,,1798.4683,4.777284446679618,0,0,735.0037941932678,449.617075,20
257,SIMPLE_GREEDY,REMOVE_LOOPS_MOVE_EXPORTATION,ANNEALING,3000.0,1e-05,,,,,1778.4633999999999,6.642033336313565,0,0,260.3539559841156,444.61584999999997,15
258,SIMPLE_GREEDY,ANY_MOVE_EXPORTATION,TABU,200.0,,,,0.3,,1799.5859,4.741168891124062,0,0,82.09276270866394,449.896475,20
259,SIMPLE_GREEDY,ANY_EXPORTATION,ANNEALING,5000.0,1e-05,,,,,1747.7906999999998,12.843675559280845,0,0,343.01611590385437,436.94767499999995,10
260,SIMPLE_GREEDY,ANY_EXPORTATION,TABU,200.0,,,,0.5,,1753.1193,13.040262225947513,0,0,65.90675592422485,438.279825,10
261,SIMPLE_GREEDY,ANY_EXPORTATION_TIME1,ANNEALING,5000.0,0.0001,,,,,1842.0845999999997,4.953880002235173,0,0,175.90338277816772,460.5211499999999,20
262,SIMPLE_GREEDY,ANY_EXPORTATION_TIME1,ANNEALING,3000.0,1e-05,,,,,1842.0845999999997,4.953880002235173,0,0,86.9888048171997,460.5211499999999,20
263,SIMPLE_GREEDY,ANY_EXPORTATION_PROB1,ANNEALING,3000.0,0.0001,,,,,1812.9713000000004,6.9261044474246765,0,0,133.94250917434692,453.2428250000001,15
264,SIMPLE_GREEDY,MOVE_IN_EXPORTATION,GENETIC,400.0,,10.0,0.1,,,1804.7014,4.798657780012951,0,0,431.8666229248047,451.17535,20
265,SIMPLE_GREEDY,REMOVE_LOOPS_MOVE_EXPORTATION,GENETIC,400.0,,20.0,0.3,,,1802.0709,4.799982224457396,0,0,727.9731318950653,450.517725,20
266,SIMPLE_GREEDY,ANY_MOVE_SWAP,TABU,200.0,,,,0.3,,1786.0980999999997,6.920791114091342,0,0,62.08091378211975,446.5245249999999,15
267,SIMPLE_GREEDY,ANY_EXPORTATION_PROB1,TABU,500.0,,,,0.3,,1819.4071000000004,4.742222224457395,0,0,71.18682599067688,454.8517750000001,20
268,SIMPLE_GREEDY,ANY_EXPORTATION_PROB1,TABU,500.0,,,,0.3,500.0,1785.0524,6.701095558535788,0,0,270.20388197898865,446.2631,15
269,SIMPLE_GREEDY,MOVE_IN_EXPORTATION,TABU,500.0,,,,0.3,,1780.9603,6.672011114091343,0,0,93.5100839138031,445.240075,15
270,SIMPLE_GREEDY,REMOVE_LOOPS_MOVE_EXPORTATION,GENETIC,200.0,,10.0,0.1,,,1776.6231999999998,6.642166669646898,0,0,199.68718695640564,444.15579999999994,15
271,SIMPLE_GREEDY,REMOVE_LOOPS_MOVE_EXPORTATION,ANNEALING,5000.0,1e-05,,,,,1777.7282000000002,6.642033336313565,0,0,351.7478210926056,444.43205000000006,15
272,SIMPLE_GREEDY,REMOVE_LOOPS_SWAP_ANY_EXPORTATION,GENETIC,200.0,,20.0,0.3,,,1811.0247,4.747157780012951,0,0,180.8243751525879,452.756175,20
273,SIMPLE_GREEDY,MOVE_IN_EXPORTATION,ANNEALING,3000.0,1e-05,,,,,1779.2960999999998,6.670771114091342,0,0,213.19447207450867,444.82402499999995,15
274,SIMPLE_GREEDY,ANY_EXPORTATION_PROB1,TABU,500.0,,,,0.5,,1756.8675,12.913904448169735,0,0,70.37083292007446,439.216875,10
275,SIMPLE_GREEDY,,NO_SEARCH,,,,,,,1779.3272000000002,13.230853337058623,0,0,50.73521089553833,444.83180000000004,10
276,SIMPLE_GREEDY,REMOVE_LOOPS_SWAP_ANY_EXPORTATION,TABU,200.0,,,,0.5,,1820.5137000000002,4.910791113346284,0,0,61.367942094802856,455.12842500000005,20
277,SIMPLE_GREEDY,ANY_EXPORTATION_TIME1,TABU,500.0,,,,0.3,500.0,1747.8598,12.806244448169736,0,0,278.2603831291199,436.96495,10
278,SIMPLE_GREEDY,ANY_EXPORTATION_TIME1,TABU,500.0,,,,0.3,,1816.9957000000004,4.7850800022351745,0,0,71.12075901031494,454.2489250000001,20
279,SIMPLE_GREEDY,REMOVE_LOOPS_SWAP_ANY_EXPORTATION,ANNEALING,5000.0,0.0001,,,,,1779.3272000000002,13.230853337058623,0,0,155.0181601047516,444.83180000000004,10
280,SIMPLE_GREEDY,ANY_EXPORTATION_TIME1,TABU,200.0,,,,0.3,,1793.6673000000003,6.917777780758011,0,0,63.428499937057495,448.4168250000001,15
281,SIMPLE_GREEDY,MOVE_IN_EXPORTATION,ANNEALING,5000.0,0.0001,,,,,1742.893,12.883404448169737,0,0,312.72856187820435,435.72325,10
282,SIMPLE_GREEDY,ANY_EXPORTATION,TABU,500.0,,,,0.5,,1792.5910000000001,6.883480002980231,0,0,82.34533596038818,448.14775000000003,15
283,SIMPLE_GREEDY,ANY_EXPORTATION_PROB1,GENETIC,200.0,,20.0,0.1,,,1748.2262999999998,12.807306670391956,0,0,201.70775818824768,437.05657499999995,10
284,SIMPLE_GREEDY,REMOVE_LOOPS_MOVE_EXPORTATION,TABU,200.0,,,,0.3,,1742.7744999999998,12.863264448169732,0,0,70.00423812866211,435.69362499999994,10
285,SIMPLE_GREEDY,ANY_EXPORTATION_PROB1,ANNEALING,5000.0,1e-05,,,,,1779.3272000000002,13.230853337058623,0,0,101.78182005882263,444.83180000000004,10
286,SIMPLE_GREEDY,ANY_MOVE_EXPORTATION,ANNEALING,3000.0,0.0001,,,,,1793.7752,6.862380002980232,0,0,279.08902883529663,448.4438,15
287,SIMPLE_GREEDY,ANY_EXPORTATION_PROB1,GENETIC,400.0,,10.0,0.3,,,1778.2970999999998,6.619151114091343,0,0,320.92781615257263,444.57427499999994,15
288,SIMPLE_GREEDY,REMOVE_LOOPS_SWAP_ANY_EXPORTATION,GENETIC,200.0,,20.0,0.1,,,1773.7743999999998,6.600500002980231,0,0,228.07199597358704,443.44359999999995,15
289,SIMPLE_GREEDY,REMOVE_LOOPS_SWAP_ANY_EXPORTATION,TABU,500.0,,,,0.3,500.0,1808.0764,4.844975557790729,0,0,232.64160418510437,452.0191,20
290,SIMPLE_GREEDY,REMOVE_LOOPS_SWAP_ANY_EXPORTATION,GENETIC,400.0,,20.0,0.3,,,1740.9724999999999,12.835326670391957,0,0,344.7950930595398,435.24312499999996,10
291,SIMPLE_GREEDY,ANY_EXPORTATION_PROB1,GENETIC,400.0,,10.0,0.1,,,1774.8791,6.663555558535789,0,0,342.64377069473267,443.719775,15
292,SIMPLE_GREEDY,REMOVE_LOOPS_SWAP_ANY_EXPORTATION,GENETIC,200.0,,10.0,0.1,,,1745.8335999999995,12.875275559280844,0,0,128.70967197418213,436.45839999999987,10
293,SIMPLE_GREEDY,ANY_MOVE_EXPORTATION,ANNEALING,5000.0,0.0001,,,,,1808.6843999999999,4.763080002235174,0,0,437.0043189525604,452.17109999999997,20
294,SIMPLE_GREEDY,MOVE_IN_EXPORTATION,ANNEALING,5000.0,1e-05,,,,,1804.443,4.799982224457396,0,0,343.0838031768799,451.11075,20
295,SIMPLE_GREEDY,MOVE_IN_EXPORTATION,ANNEALING,5000.0,1e-05,,,,,1778.2233999999999,6.6485177807580085,0,0,336.96476006507874,444.55584999999996,15
296,SIMPLE_GREEDY,ANY_MOVE_SWAP,ANNEALING,3000.0,1e-05,,,,,1779.3272000000002,13.230853337058623,0,0,153.85558080673218,444.83180000000004,10
297,SIMPLE_GREEDY,REMOVE_LOOPS_SWAP_ANY_EXPORTATION,GENETIC,400.0,,20.0,0.3,,,1774.4937,6.686793336313564,0,0,385.6744158267975,443.623425,15
298,SIMPLE_GREEDY,ANY_EXPORTATION_PROB1,GENETIC,400.0,,10.0,0.1,,,1803.0972,4.743042224457395,0,0,297.18544363975525,450.7743,20
299,SIMPLE_GREEDY,MOVE_IN_EXPORTATION,GENETIC,400.0,,20.0,0.3,,,1804.9367,4.798655557790729,0,0,659.9517660140991,451.234175,20
300,SIMPLE_GREEDY,ANY_MOVE_EXPORTATION_FIXED2,TABU,500.0,,,,0.3,500.0,1733.5316999999998,12.623280003725291,0,0,327.78496289253235,433.38292499999994,10
301,SIMPLE_GREEDY,ANY_EXPORTATION_PROB1,GENETIC,400.0,,10.0,0.3,,,1807.3659000000005,4.788895557790728,0,0,303.923898935318,451.8414750000001,20
302,SIMPLE_GREEDY,REMOVE_LOOPS_SWAP_ANY_EXPORTATION,GENETIC,200.0,,20.0,0.1,,,1742.5491,12.862960003725295,0,0,188.62226176261902,435.637275,10
303,SIMPLE_GREEDY,ANY_MOVE_EXPORTATION,ANNEALING,3000.0,0.0001,,,,,1822.8273,4.967260002235174,0,0,270.6649661064148,455.706825,20
304,SIMPLE_GREEDY,REMOVE_LOOPS_MOVE_EXPORTATION,TABU,200.0,,,,0.3,,1777.8315999999995,6.672011114091343,0,0,70.15290093421936,444.4578999999999,15
305,SIMPLE_GREEDY,ANY_EXPORTATION_PROB1,ANNEALING,5000.0,1e-05,,,,,1812.9713000000004,6.9261044474246765,0,0,94.811115026474,453.2428250000001,15
306,SIMPLE_GREEDY,ANY_EXPORTATION_PROB1,GENETIC,200.0,,20.0,0.1,,,1781.0820000000003,6.63234889186912,0,0,252.77491998672485,445.2705000000001,15
307,SIMPLE_GREEDY,ANY_EXPORTATION_TIME1,TABU,200.0,,,,0.3,,1757.3630999999996,12.906693337058623,0,0,66.11116600036621,439.3407749999999,10
308,SIMPLE_GREEDY,MOVE_IN_EXPORTATION,ANNEALING,3000.0,0.0001,,,,,1815.0292000000002,4.821600002235173,0,0,202.09302306175232,453.75730000000004,20
309,SIMPLE_GREEDY,ANY_EXPORTATION,TABU,500.0,,,,0.5,,1816.1702000000005,4.910751113346285,0,0,87.85086822509766,454.0425500000001,20
310,SIMPLE_GREEDY,ANY_EXPORTATION_TIME1,TABU,500.0,,,,0.3,,1792.9823000000004,6.803362225202455,0,0,72.22191309928894,448.2455750000001,15
311,SIMPLE_GREEDY,REMOVE_LOOPS_SWAP_ANY_EXPORTATION,ANNEALING,3000.0,0.0001,,,,,1843.0265,4.953880002235173,0,0,127.83250617980957,460.756625,20
312,SIMPLE_GREEDY,REMOVE_LOOPS_SWAP_ANY_EXPORTATION,TABU,500.0,,,,0.5,,1755.6928999999998,13.124717781503067,0,0,75.02520990371704,438.92322499999995,10
313,SIMPLE_GREEDY,ANY_EXPORTATION_TIME1,TABU,500.0,,,,0.3,500.0,1783.6263,6.664202225202454,0,0,263.13183784484863,445.906575,15
314,CLUSTER,,NO_SEARCH,,,,,,,1846.0364000000006,5.049526668901841,0,0,84.87021517753601,461.50910000000016,20
315,SIMPLE_GREEDY,MOVE_IN_EXPORTATION,ANNEALING,3000.0,1e-05,,,,,1741.2768999999998,12.861653337058621,0,0,235.27406692504883,435.31922499999996,10
316,SIMPLE_GREEDY,ANY_EXPORTATION_PROB1,TABU,200.0,,,,0.5,,1817.1544999999996,4.822353335568506,0,0,57.38278818130493,454.2886249999999,20
317,SIMPLE_GREEDY,REMOVE_LOOPS_SWAP_ANY_EXPORTATION,GENETIC,400.0,,10.0,0.3,,,1744.2894,12.855755559280848,0,0,213.9226360321045,436.07235,10
318,SIMPLE_GREEDY,REMOVE_LOOPS_MOVE_EXPORTATION,ANNEALING,5000.0,1e-05,,,,,1803.9391999999993,4.799982224457396,0,0,365.02537393569946,450.98479999999984,20
319,SIMPLE_GREEDY,REMOVE_LOOPS_MOVE_EXPORTATION,GENETIC,200.0,,10.0,0.1,,,1804.3474999999999,4.799982224457396,0,0,207.63351607322693,451.08687499999996,20
320,SIMPLE_GREEDY,ANY_EXPORTATION_PROB1,TABU,500.0,,,,0.3,500.0,1812.2960999999998,4.774520002235173,0,0,253.18145489692688,453.07402499999995,20
321,SIMPLE_GREEDY,MOVE_IN_EXPORTATION,TABU,500.0,,,,0.3,,1805.1405,4.799982224457396,0,0,86.01933121681213,451.285125,20
322,SIMPLE_GREEDY,ANY_MOVE_SWAP,TABU,200.0,,,,0.3,,1744.8423999999998,12.915273337058625,0,0,70.03431606292725,436.21059999999994,10
323,SIMPLE_GREEDY,ANY_EXPORTATION_PROB1,TABU,500.0,,,,0.3,,1796.0313,6.905715558535789,0,0,78.64022088050842,449.007825,15
324,SIMPLE_GREEDY,MOVE_IN_EXPORTATION,GENETIC,400.0,,10.0,0.1,,,1780.7291,6.677811114091343,0,0,443.7611560821533,445.182275,15
325,SIMPLE_GREEDY,ANY_EXPORTATION_PROB1,GENETIC,200.0,,10.0,0.1,,,1744.7800999999995,12.828113337058625,0,0,137.64239311218262,436.1950249999999,10
326,SIMPLE_GREEDY,ANY_EXPORTATION_TIME1,ANNEALING,3000.0,1e-05,,,,,1812.9713000000004,6.9261044474246765,0,0,90.6366012096405,453.2428250000001,15
327,SIMPLE_GREEDY,ANY_EXPORTATION_PROB1,ANNEALING,3000.0,0.0001,,,,,1842.0845999999997,4.953880002235173,0,0,134.93960809707642,460.5211499999999,20
328,SIMPLE_GREEDY,ANY_EXPORTATION,ANNEALING,3000.0,1e-05,,,,,1745.1173999999996,12.81444222594751,0,0,244.67910885810852,436.2793499999999,10
329,SIMPLE_GREEDY,ANY_EXPORTATION,TABU,200.0,,,,0.5,,1792.0721000000003,6.891306669646899,0,0,65.88571119308472,448.0180250000001,15
330,SIMPLE_GREEDY,ANY_EXPORTATION,ANNEALING,5000.0,1e-05,,,,,1787.5101,6.704075558535787,0,0,352.55036520957947,446.877525,15
331,SIMPLE_GREEDY,REMOVE_LOOPS_MOVE_EXPORTATION,ANNEALING,3000.0,1e-05,,,,,1736.8777999999998,12.840642225947512,0,0,233.31844019889832,434.21944999999994,10
332,SIMPLE_GREEDY,ANY_MOVE_EXPORTATION,TABU,500.0,,,,0.3,,1731.9897999999998,12.615071114836397,0,0,110.45205593109131,432.99744999999996,10
333,SIMPLE_GREEDY,MOVE_IN_EXPORTATION,GENETIC,200.0,,20.0,0.1,,,1740.1495999999997,12.861811114836398,0,0,337.39978289604187,435.03739999999993,10
334,SIMPLE_GREEDY,REMOVE_LOOPS_MOVE_EXPORTATION,GENETIC,200.0,,10.0,0.3,,,1737.7365999999997,12.842117781503067,0,0,138.82670497894287,434.43414999999993,10
335,SIMPLE_GREEDY,ANY_EXPORTATION_PROB1,ANNEALING,5000.0,0.0001,,,,,1779.3272000000002,13.230853337058623,0,0,187.50112009048462,444.83180000000004,10
